AI,CHATGPT,輝達,台積電,成交股數,成交筆數,大戶與散戶比例,TW_Close,TW_Volume,NASDAQ_Close,NASDAQ_Volume,DOW_Close,DOW_Volume,SP_Close,SP_Volume,外資自營商買賣超股數,投信買賣超股數,自營商買賣超股數,淨值(元)
-0.34977187486952044,-0.01832915584273155,-0.02750361477156859,-0.04150826785093827,0.16264521487986378,-0.2756351084964278,0.1783201691214851,-0.16184880222698944,-0.1890148081559325,0.41176157032003446,-0.47174781206861327,0.2756221121008491,0.34251176086476176,0.34307992581260577,0.01783356425455225,0.0,0.0,0,0.26006877037775356
0.23927472524963697,0.48647376425552213,-0.44151314806913006,-0.4187587357825083,-0.1749514895420959,0.046447152488132006,-0.040034592551209516,-0.6938337263734785,-0.3296652222147511,-0.2567352995047872,-0.07678539320044851,-0.32862908514021694,0.24801339304778255,-0.27996229366604186,0.6103090856571943,0.0,0.0,0,-0.2841570200224479
0.03661080078489648,-0.14058865064420792,0.6833188101048292,-0.5418402159343009,0.09894642567565014,-0.2801861319435608,0.36028892981201666,-0.16181687355418867,0.1511626132931492,0.16552023203127797,0.46340900146132163,0.2703694348383356,0.5540220035141842,0.23105219325524595,0.8330705478679933,0.0,0.0,0,0.2437411930673551
0.032152103747286574,-0.06087334425825518,0.2005148885605418,-0.22226889540992267,-0.03228966509333242,-0.4533054541014675,0.013463332319162828,-0.007251193126833548,-0.5870548255417161,0.5133850892159041,-0.2593017383353029,0.3243408625293418,-0.3139275203776181,0.4199800814743703,-0.36018342723201596,0.0,0.0,0,0.4350376914201836
-0.5111378758685254,-0.06682983302143701,-0.3652183885525957,0.10708094639574763,0.45305697487855867,0.05309737561544291,-0.05285610589065612,0.2438353467021289,-0.41199052023190613,0.4395132840523612,-0.2921858455780566,-0.0845888330420867,-0.08498568712442815,0.3124283440355366,-0.2038685697030433,0.0,0.0,0,0.11901311653643236
-0.6162750541200887,-0.5283108665502372,0.6213367187998643,0.6169367890818263,0.07129059292201737,-0.27632049901985173,0.34793341852739007,-0.3389450291711007,-0.03262212081822368,-0.16211739665551125,0.2744897672003026,0.0764721502463302,0.2724151367179359,0.042209940035431694,0.35420018602125486,0.0,0.0,0,-0.12359618039945047
1.0,1.0,0.9999999999999984,-0.9999999999999998,1.0,0.9999999999999999,1.0,-1.0,1.0,0.9999999999999999,1.0,-1.0,1.0,-1.0,1.0,0.0,0.0,0,0.9999999999999906
